ProductName,Category,Brand,UnitPrice
Smart Security Camera,Sports & Outdoors,Ironwood Forge Co.,284
Wireless Mouse,Home & Kitchen,TerraCotta Home Labs,545
Retinol Night Cream,Home & Kitchen,Ironwood Forge Co.,704
External 2TB SSD,Beauty & Care,Vantage Point Optics,984
Smart Light Bulb Kit,Electronics,AeroStride Industries,768
Portable Grill,Beauty & Care,Ironwood Forge Co.,251
Hydration Backpack,Home & Kitchen,Apex Peak Gear,936
Fishing Rod & Reel,Home & Kitchen,AeroStride Industries,883
VR Headset,Sports & Outdoors,SereneBody Organics,943
Soccer Ball Size 5,Electronics,HydraFlow Solutions,329
Professional Blender,Apparel,Vantage Point Optics,915
Tennis Racket,Beauty & Care,SereneBody Organics,718
Travel Toiletry Kit,Apparel,HydraFlow Solutions,690
Knit Beanie Hat,Beauty & Care,Nebula Core Systems,139
Smart Security Camera,Home & Kitchen,Luminary Tech Group,109
Portable Grill,Electronics,Vantage Point Optics,141
Thermal Base Layer,Apparel,Moderna Stitch & Loom,202
Pickleball Paddle,Beauty & Care,Nebula Core Systems,348
Silk Scarf,Electronics,Vantage Point Optics,597
Wool Winter Coat,Beauty & Care,Apex Peak Gear,591
Fishing Rod & Reel,Home & Kitchen,SereneBody Organics,929
Yoga Leggings,Home & Kitchen,SereneBody Organics,271
Makeup Brush Set,Electronics,TerraCotta Home Labs,158
Vitamin C Eye Cream,Electronics,Apex Peak Gear,822
Knife Block Set (12pc),Sports & Outdoors,SereneBody Organics,829
Silk Scarf,Apparel,TerraCotta Home Labs,980
Binoculars 10x42,Apparel,Nebula Core Systems,474
5G Smartphone,Beauty & Care,TerraCotta Home Labs,904
High-Speed Wi-Fi Router,Apparel,Apex Peak Gear,612
Fishing Rod & Reel,Electronics,Vantage Point Optics,552
USB-C Docking Station,Beauty & Care,Nebula Core Systems,843
Wireless Mouse,Electronics,Luminary Tech Group,837
Cleansing Oil,Electronics,Moderna Stitch & Loom,592
Digital Air Fryer,Sports & Outdoors,SereneBody Organics,913
Charcoal Face Mask,Sports & Outdoors,Luminary Tech Group,174
Slim-Fit Denim Jeans,Electronics,TerraCotta Home Labs,923
Foam Roller,Home & Kitchen,SereneBody Organics,707
Cleansing Oil,Beauty & Care,SereneBody Organics,272
Ionic Hair Dryer,Electronics,Apex Peak Gear,543
Smartwatch Pro,Beauty & Care,SereneBody Organics,376
Compact First Aid Kit,Sports & Outdoors,HydraFlow Solutions,516
Juicer Extractor,Apparel,HydraFlow Solutions,849
Ionic Hair Dryer,Apparel,TerraCotta Home Labs,860
Leather Chelsea Boots,Home & Kitchen,TerraCotta Home Labs,638
Charcoal Face Mask,Electronics,AeroStride Industries,812
Scented Soy Candle,Electronics,Moderna Stitch & Loom,871
Power Bank 20000mAh,Home & Kitchen,SereneBody Organics,717
External 2TB SSD,Beauty & Care,Apex Peak Gear,235
Lightweight Windbreaker,Beauty & Care,Moderna Stitch & Loom,700
Linen Button-Down Shirt,Electronics,HydraFlow Solutions,728
Bamboo Cutting Board,Apparel,Luminary Tech Group,144
Breathable Gym Shorts,Home & Kitchen,Ironwood Forge Co.,635
Toaster Oven,Electronics,Ironwood Forge Co.,698
Cast Iron Dutch Oven,Sports & Outdoors,SereneBody Organics,436
Scented Soy Candle,Sports & Outdoors,Vantage Point Optics,875
Scented Soy Candle,Sports & Outdoors,Vantage Point Optics,519
Portable Grill,Electronics,SereneBody Organics,165
Non-Stick Frying Pan,Beauty & Care,SereneBody Organics,497
Fishing Rod & Reel,Electronics,HydraFlow Solutions,585
Soccer Ball Size 5,Beauty & Care,AeroStride Industries,178
Resistance Band Set,Beauty & Care,Moderna Stitch & Loom,482
Electric Kettle,Apparel,AeroStride Industries,425
Performance Running Shoes,Home & Kitchen,Luminary Tech Group,387
Electric Kettle,Beauty & Care,Luminary Tech Group,250
Breathable Gym Shorts,Home & Kitchen,Ironwood Forge Co.,843
E-Reader,Apparel,AeroStride Industries,833
Foam Roller,Apparel,Vantage Point Optics,676
Bath Bomb Gift Set,Electronics,Luminary Tech Group,831
Microwave Oven,Beauty & Care,Apex Peak Gear,458
Stand Mixer,Electronics,TerraCotta Home Labs,712
Tea Tree Shampoo,Beauty & Care,Ironwood Forge Co.,431
Fishing Rod & Reel,Electronics,Ironwood Forge Co.,649
Smartwatch Pro,Beauty & Care,Luminary Tech Group,756
Canvas Backpack,Home & Kitchen,SereneBody Organics,126
Pressure Cooker,Electronics,Vantage Point Optics,601
Bath Bomb Gift Set,Sports & Outdoors,AeroStride Industries,976
Charcoal Face Mask,Beauty & Care,Nebula Core Systems,946
Exfoliating Body Scrub,Apparel,SereneBody Organics,717
Wool Winter Coat,Beauty & Care,SereneBody Organics,336
Linen Button-Down Shirt,Home & Kitchen,Moderna Stitch & Loom,853
Thermal Base Layer,Sports & Outdoors,Vantage Point Optics,758
Espresso Machine,Apparel,HydraFlow Solutions,525
Hydration Backpack,Beauty & Care,Nebula Core Systems,294
Cleansing Oil,Electronics,SereneBody Organics,893
Tea Tree Shampoo,Beauty & Care,Moderna Stitch & Loom,429
Noise-Canceling Headphones,Apparel,SereneBody Organics,216
Tablet Stylus Pen,Sports & Outdoors,Ironwood Forge Co.,375
Knit Beanie Hat,Beauty & Care,HydraFlow Solutions,877
Lightweight Windbreaker,Home & Kitchen,HydraFlow Solutions,357
Snorkel Mask,Home & Kitchen,Moderna Stitch & Loom,280
Nail Polish Kit,Sports & Outdoors,SereneBody Organics,925
Travel Toiletry Kit,Beauty & Care,Vantage Point Optics,426
High-Grip Yoga Mat,Home & Kitchen,AeroStride Industries,903
Athletic Compression Socks,Home & Kitchen,HydraFlow Solutions,330
Thermal Base Layer,Beauty & Care,Luminary Tech Group,870
High-Grip Yoga Mat,Apparel,SereneBody Organics,254
Volumizing Mascara,Electronics,SereneBody Organics,785
Action Camera 4K,Home & Kitchen,Ironwood Forge Co.,303
Hydration Backpack,Beauty & Care,TerraCotta Home Labs,359
Wireless Mouse,Sports & Outdoors,Ironwood Forge Co.,719
